Timestamp,Iteration,Score,Improvement,Best Score,Strategy,Prompt Length,User Scores,Edge Cases
2025-05-07 20:09:42,1,0.5905555555555555,0.0,0.5905555555555555,multiple,373,"user1:0.3000, user2:0.7778, user3:0.0000, user4:0.8750, user5:1.0000",2
2025-05-07 20:10:48,2,0.615,0.02444444444444449,0.615,multiple,1248,"user1:0.8750, user2:1.0000, user3:0.0000, user4:0.5000, user5:0.7000",1
2025-05-07 20:11:34,3,0.47833333333333333,-0.13666666666666666,0.47833333333333333,multiple,1896,"user1:0.4000, user2:0.6667, user3:0.0000, user4:0.6250, user5:0.7000",2
2025-05-07 20:12:29,4,0.72,0.24166666666666664,0.72,multiple,2104,"user1:1.0000, user2:0.6000, user3:0.0000, user4:1.0000, user5:1.0000",1
2025-05-07 20:13:15,5,0.7288888888888889,0.008888888888888946,0.7288888888888889,multiple,3544,"user1:0.2000, user2:1.0000, user3:0.4444, user4:1.0000, user5:1.0000",2
2025-05-07 20:14:08,6,0.64,-0.0888888888888889,0.64,multiple,4303,"user1:0.4000, user2:1.0000, user3:0.0000, user4:0.8000, user5:1.0000",2
2025-05-07 20:15:17,7,0.3983333333333333,-0.2416666666666667,0.3983333333333333,multiple,4417,"user1:0.1111, user2:0.5556, user3:0.0000, user4:0.6250, user5:0.7000",2
2025-05-07 20:16:08,8,0.5183333333333333,0.12,0.5183333333333333,multiple,4155,"user1:0.0000, user2:0.6667, user3:0.3000, user4:0.6250, user5:1.0000",2
2025-05-07 20:17:03,9,0.8857142857142858,0.3673809523809525,0.8857142857142858,multiple,4181,"user1:0.4286, user2:1.0000, user3:1.0000, user4:1.0000, user5:1.0000",1
2025-05-07 20:17:53,10,0.8222222222222222,-0.0634920634920636,0.8222222222222222,multiple,4122,"user1:0.1111, user2:1.0000, user3:1.0000, user4:1.0000, user5:1.0000",1
2025-05-07 20:19:11,11,0.5599999999999999,-0.26222222222222225,0.5599999999999999,multiple,4193,"user1:0.0000, user2:1.0000, user3:0.0000, user4:0.8000, user5:1.0000",2
2025-05-07 20:20:14,12,0.8,0.2400000000000001,0.8,multiple,4182,"user1:0.7000, user2:1.0000, user3:0.3000, user4:1.0000, user5:1.0000",1
2025-05-07 20:21:32,13,0.6599999999999999,-0.14000000000000012,0.6599999999999999,multiple,4272,"user1:0.7000, user2:0.6000, user3:0.0000, user4:1.0000, user5:1.0000",1
2025-05-07 20:22:34,14,0.6199999999999999,-0.040000000000000036,0.6199999999999999,multiple,4191,"user1:0.4000, user2:1.0000, user3:0.0000, user4:0.7000, user5:1.0000",2
2025-05-07 20:23:32,15,0.5733333333333335,-0.04666666666666641,0.5733333333333335,multiple,4283,"user1:0.5000, user2:0.8000, user3:0.1667, user4:0.7000, user5:0.7000",1
2025-05-07 20:24:35,16,0.5155555555555555,-0.05777777777777793,0.5155555555555555,multiple,4231,"user1:0.2000, user2:0.7778, user3:0.0000, user4:1.0000, user5:0.6000",2
2025-05-07 20:25:52,17,0.8164285714285715,0.30087301587301596,0.8164285714285715,multiple,4208,"user1:0.6000, user2:1.0000, user3:0.8571, user4:0.6250, user5:1.0000",0
2025-05-07 20:26:44,18,0.64,-0.1764285714285715,0.64,multiple,4268,"user1:0.2000, user2:1.0000, user3:0.0000, user4:1.0000, user5:1.0000",2
2025-05-07 20:27:41,19,0.585,-0.05500000000000005,0.585,multiple,4271,"user1:0.5000, user2:0.4000, user3:0.7000, user4:0.6250, user5:0.7000",1
2025-05-07 20:29:01,20,0.5599999999999999,-0.025000000000000022,0.5599999999999999,multiple,4263,"user1:0.4000, user2:0.7000, user3:0.3000, user4:0.7000, user5:0.7000",2
